Name,0,1,2,3,4,5,6,7,8,9,10,11,12,13,14,15,16,17,18,19,20,21,22,23,24,25,26,27,28,29,30,31,32,33,34,35,36,37,38,39,40,41,42,43,44,45,46,47,48,49,50,51,52,53,54,55,56,57,58,59,60
LI_0,505.860286144115,506.163809968774,506.010770307391,506.001536043323,505.987102323715,505.97456585626503,505.964894220611,505.957548458698,505.95185518188,505.947300247954,489.89068407120396,489.885330137274,489.8806108535,489.876351601952,489.872442116643,489.868814695738,489.865427798719,489.862254706808,489.859276441579,489.85647778579505,489.853845286499,489.85136638282097,489.849029100657,489.846821995082,489.84473417854497,489.842755363469,489.840875894188,489.839086763615,489.837379616988,489.835746745913,489.834181074796,489.832676140588,489.83122606627205,489.82982552870396,489.828469721874,489.82715431719396,489.825875422634,489.824629542498,489.82341353925597,489.822224598376,489.821060196597,489.819918073638,489.818796207062,489.81769278987497,489.81660621039805,489.815535034025,489.814477986545,489.813433938809,489.812401892597,489.811380967597,489.81037038940997,489.809369478569,489.8083776405,489.807394356376,489.806419174835,489.80545170448397,489.80449160713,489.803538591703,489.80259240878297,489.801652845699,489.800719722136
LI_1,709.161417445211,709.4680584502601,709.313446331845,709.3041172360711,709.289535299726,709.276870108896,709.267099172612,709.2596779942901,709.253926268936,709.249324574466,693.008921526331,693.003512299086,692.998744277364,692.994441039556,692.990491180704,692.986826299626,692.9834044266461,692.980198566893,692.977189545749,692.974361988603,692.9717023032849,692.969197798869,692.9668363771909,692.964606474658,692.962497090738,692.960497831004,692.958598939407,692.956791315132,692.955066516392,692.953416754429,692.9518348798281,692.950314362054,692.9488492627011,692.9474342030001,692.946064326712,692.9447352600171,692.943443070237,692.9421842251929,692.940955554645,692.93975421476,692.9385776560571,692.937423594816,692.936289987685,692.9351750090291,692.9340770306051,692.932994603114,692.931926439355,692.930871398719,692.929828472914,692.928796772796,692.927775516255,692.926764017112,692.925761674969,692.924767965975,692.923782434445,692.922804685292,692.92183437718,692.920871216388,692.9199149512731,692.91896536732,692.918022282702
LI_2,1048.283120498494,1056.362542941633,1052.3000992154748,1052.054247508639,1051.669798600755,1051.335717611183,1051.077874900382,1050.881977522533,1050.7301120601442,1050.608588280031,1067.3845372418568,1067.3009798823668,1067.227321836764,1067.160839782142,1067.099814220801,1067.043189885565,1066.990320038792,1066.940789726889,1066.894305469817,1066.8506333604319,1066.809568090574,1066.7709195065859,1066.734507968687,1066.700163515597,1066.667726293832,1066.637047131575,1066.607987868039,1066.5804213763909,1066.554231333115,1066.529311804208,1066.505566702215,1066.482909148933,1066.461260767838,1066.440550928387,1066.420715967346,1066.4016984153059,1066.3834462565642,1066.36591224638,1066.34905330232,1066.332829977554,1066.317206015731,1066.302147980635,1066.287624949993,1066.273608261432,1066.26007129908,1066.246989311064,1066.234339250283,1066.222099632979,1066.210250411421,1066.198772858289,1066.1876494611988,1066.176863826365,1066.166400590606,1066.1562453410402,1066.1463845418612,1066.136805467612,1066.127496142374,1066.11844528432,1066.109642255137,1066.101077013822,1066.092740074442
LI_3,1026.919832140481,1035.9431919061199,1031.405777766567,1031.131204056515,1030.7018464562,1030.328745509596,1030.0407905586699,1029.822017137652,1029.652418611976,1029.516705419345,838.849431814853,838.7225460218169,838.610692606745,838.5097360672171,838.4170651990439,838.331077391867,838.250790309618,838.1755734593689,838.104980638281,838.0386558899729,837.976286425557,837.917582169548,837.862268685087,837.81008589204,837.7607887228539,837.714148016633,837.669951059934,837.6280016779781,837.588119952771,837.55014167033,837.513917574066,837.479312472454,837.446204233514,837.414482696754,837.384048538856,837.354812135118,837.326692459571,837.299616061078,837.2735161421369,837.2483317539411,837.2240071087799,837.2004910010589,837.1777363222691,837.155699652918,837.134340915001,837.113623071013,837.093511858581,837.073975552892,837.0549847515861,837.036512178729,837.018532505625,837.0010221869779,836.983959311235,836.9673234641,836.951095604247,836.935257950247,836.919793877795,836.904687826288,836.889925213893,836.875492360326,836.86137641656
LI_4,86.28733805053429,92.9815618611907,89.6155369604011,89.411836317727,89.0933020020392,88.8165010624169,88.6028676514363,88.4405589493488,88.31473267693559,88.21404579167131,87.66722339799131,87.7668280508162,87.8546324883914,87.9338830145153,88.006629376874,88.0741295819093,88.1371547161479,88.1961996571211,88.2516145957747,88.3036788544911,88.35263783830911,88.3987190864458,88.4421378224285,88.4830979585564,88.5217915814159,88.558398252715,88.5930845896592,88.626004200231,88.6572979128683,88.6870942196255,88.7155098719033,88.7426505901906,88.7686118618593,88.7934798027003,88.8173320532137,88.8402386768431,88.8622630263704,88.8834625492253,88.9038895109968,88.9235916266901,88.94261259902791,88.9609925709048,88.9787685036296,88.9959744945003,89.0126420467208,89.028800302704,89.04447624946911,89.05969490231149,89.0744794709685,89.088851510949,89.1028310618658,89.1164367738557,89.129686023089,89.1425950170791,89.15517889067641,89.16745179333239,89.1794269684923,89.19111682583849,89.2025330068538,89.2136864446775,89.2245874184443
LI_5,613.182309180678,628.070486687272,620.5846283992821,620.131589927237,619.423152368123,618.8075277939599,618.332389474493,617.9713999524749,617.691549778807,617.4676115227201,818.397593166598,818.272034051538,818.161350056693,818.061449087993,817.9697474776781,817.884659733387,817.80521434962,817.730788265833,817.660941158224,817.59532247776,817.533624959313,817.4755644650379,817.42087304479,817.369297697364,817.320601011313,817.274562000662,817.230976551466,817.189657388956,817.150433649288,817.113150167261,817.077666567175,817.043856214867,817.011605071845,816.9808104884539,816.951379976097,816.923230001798,816.896284847272,816.870475567561,816.8457390727431,816.822017342635,816.799256771908,816.777407633493,816.75642364257,816.7362616015571,816.716881107635,816.6982443070999,816.680315684388,816.663061876941,816.646451509996,816.630455047386,816.615044655905,816.600194081563,816.585878536596,816.572074596243,816.558760104442,816.545914087622,816.5335166758471,816.521549030584,816.509993278404,816.4988324500721,816.488050424417
LI_6,392.83001416246395,386.860322648456,389.86180696410804,390.043461604188,390.32752513693197,390.57437489173697,390.764894271414,390.909643247922,391.021857462644,391.111652367605,0.0,0.0,0.0,0.0,0.0,0.0,0.0,0.0,0.0,0.0,0.0,0.0,0.0,0.0,0.0,0.0,0.0,0.0,0.0,0.0,0.0,0.0,0.0,0.0,0.0,0.0,0.0,0.0,0.0,0.0,0.0,0.0,0.0,0.0,0.0,0.0,0.0,0.0,0.0,0.0,0.0,0.0,0.0,0.0,0.0,0.0,0.0,0.0,0.0,0.0,0.0
LI_7,76.38998100257689,70.433644640296,73.42845183375039,73.6096999185448,73.8931271385411,74.1394233865569,74.3295152156181,74.47393915108,74.58590126122701,74.6754943529343,316.169272952859,316.16927244951603,316.169272006075,316.169271606052,316.169271239045,316.169270898661,316.16927058097997,316.169270283483,316.169270004387,316.169269742266,316.169269495874,316.169269264057,316.16926904572,316.169268839834,316.169268645439,316.16926846162596,316.169268287561,316.169268122483,316.169267965681,316.169267816524,316.169267674428,316.169267538874,316.169267409386,316.169267285547,316.169267166966,316.169267053295,316.169266944232,316.169266839486,316.169266738797,316.16926664193204,316.16926654866995,316.16926645881,316.169266372167,316.16926628857095,316.169266207857,316.16926612988095,316.169266054501,316.169265981587,316.169265911021,316.169265842691,316.169265776487,316.169265712319,316.169265650086,316.169265589703,316.169265531093,316.16926547417404,316.16926541887904,316.16926536513097,316.169265312878,316.16926526205,316.16926521259404
LI_8,88.75215648179369,82.0886019439514,85.4390200634613,85.6417882715732,85.958867259116,86.2344062722036,86.44706747057239,86.6086385412357,86.7338935805434,86.8341237367881,47.963737271622904,48.0283662890794,48.0853387043379,48.1367608323048,48.1839625694902,48.227760035826805,48.2686533314236,48.3069632244398,48.3429164529741,48.3766935829462,48.408452945754505,48.4383410199813,48.4664960081285,48.4930484764926,48.5181210246043,48.541827851168804,48.5642745172284,48.5855579534026,48.605766668598406,48.624981103708,48.6432740862152,48.6607113567026,48.6773521468579,48.6932497904797,48.7084523472074,48.7230032168297,48.7369417224568,48.75030364431851,48.7631216919186,48.7754259091238,48.78724401325,48.7986016740931,48.8095227417975,48.8200294334017,48.8301424873976,48.839881294255704,48.8492640090542,48.8583076506695,48.867028190545895,48.875440632984706,48.8835590882283,48.891396839143496,48.898966402125694,48.9062795827233,48.9133475264198,48.920180765008396,48.9267892589744,48.9331824362527,48.9393692277381,48.9453580998519,48.9511570844804
LI_9,299.835366563082,291.657024577235,295.768942767987,296.017805840656,296.406967657328,296.745147962945,297.00615696282,297.204461369297,297.358193675806,297.481211846203,136.1704694017001,136.23078348190108,136.2839521511948,136.331941074979,136.3759913262846,136.4168644838185,136.45502717519162,136.49077862653638,136.5243302552421,136.55585031777758,136.58548623468312,136.6133742665238,136.63964284256951,136.6644131534812,136.6877988440651,136.70990561560228,136.7308310182196,136.7506644762637,136.7694875056354,136.7873740688525,136.8043910250609,136.8205986462978,136.83605117971962,136.8507974374765,136.86488139471828,136.8783427747955,136.8912176014304,136.9035387011382,136.9153361448796,136.9266376244021,136.937468764828,136.94785337957882,136.9578136763812,136.967370423987,136.976543088646,136.9853499480332,136.99380818855332,137.00193399036613,137.0097426030281,137.01724841365922,137.02446500884412,137.0314052310645,137.0380812302414,137.0445045108249,137.0506859748615,137.05663596138362,137.06236428251702,137.0678802565954,137.073192738608,137.0783101482695,137.08324049591698
LI_10,420.161741668946,393.815818994702,407.06192570498695,407.863620248322,409.117279109859,410.206706386181,411.047532239949,411.686359487094,412.181600482598,412.577897687225,468.827564564094,469.11779248100197,469.37363699888294,469.604557025823,469.816524873439,470.013205743032,470.19684584023696,470.368886257675,470.53034610730003,470.682037507779,470.824673152147,470.95891299087896,471.085380339403,471.204664773756,471.31732064007394,471.42386506890796,471.524776845737,471.620496351888,471.711426390699,471.797933652795,471.88035063087,471.958977861297,472.034086407459,472.105920506747,472.17470029314404,472.240624497261,472.303873026029,472.3646093389,472.422982563113,472.479129321178,472.53317527258,472.585236393898,472.635420034756,472.683825791868,472.73054624140195,472.77566756393696,472.819270088675,472.86142877607097,472.902213651893,472.941690201135,472.97991972720604,473.01695967995397,473.052863955321,473.087683168775,473.12146490474595,473.154253943978,473.186092470853,473.21702026249,473.247074861395,473.276291733276,473.30470441146497
LI_11,270.26960990790997,260.289746628706,265.307468290045,265.61115048302895,266.08603571439096,266.498708926469,266.81721158826304,267.059197265163,267.246792681599,267.396908402906,223.963492035365,224.062776608843,224.150298940422,224.229294816121,224.30180728056501,224.36909012031,224.431911670889,224.490764810215,224.54599801318398,224.597888884567,224.646680944933,224.692599589949,224.735857592848,224.77665609127598,224.81518407834102,224.851617729607,224.886120027732,224.918840757947,224.949916809422,224.97947269744202,225.00762123998402,225.034464345297,225.060093880587,225.08459259392401,225.108035058915,225.130488608328,225.15201422322502,225.172667349398,225.192498621825,225.21155448844002,225.22987773427,225.247507914796,225.26448171163202,225.280833225338,225.296594219489,225.31179432784,225.326461234,225.340620830214,225.354297359829,225.367513546384,225.380290711216,225.392648880874,225.40460688512098,225.416182446477,225.427392261946,225.438252077534,225.448776756273,225.45898034036202,225.468876107994,225.47847662537902,225.487793794473
LI_12,161.3060148331806,157.9963769553811,159.6603673755866,159.7610781893419,159.9185661157926,160.05542309702338,160.1610502204758,160.24130175706551,160.3035155848704,160.3532998006811,155.8205795739386,155.85518398600618,155.8856887905523,155.9132217996953,155.9384951138509,155.9619457569465,155.9838415710075,156.0043544138739,156.02360584448581,156.04169276010902,156.0587002256283,156.0747070429298,156.0897876738814,156.10401258674102,156.1174480781419,156.13015603440238,156.1421937933791,156.1536141325622,156.1644653617104,156.1747914910463,156.1846324528398,156.1940243621903,156.2029998071676,156.21158815929482,156.2198158940103,156.227706909498,156.235282832201,156.24256329902641,156.24956620928378,156.2563079430307,156.26280354589488,156.2690668831382,156.2751107672905,156.2809470642876,156.2865867828227,156.29204015091523,156.29731668283262,156.3024252386044,156.30737407765582,156.3121709075417,156.3168229284097,156.3213368736287,156.3257190468988,156.3299753561113,156.33411134421868,156.3381322173489,156.3420428704335,156.34584791054448,156.3495516781859,156.35315826671632,156.3566715400971
LI_13,130.19065584616078,134.7164376169664,132.4409947034699,132.3032772236721,132.08791976646,131.9007743255105,131.7563343329496,131.6465942867652,131.56151995747,131.49344252848442,143.1976269180608,143.1512459315789,143.11035970940782,143.0734566351519,143.03958227992518,143.0081509099982,142.9788035578043,142.9513099174905,142.9255071162056,142.90126535643418,142.8784707248906,142.8570177314904,142.83680673468882,142.817743478509,142.7997393307908,142.782711600967,142.7665837212976,142.75128525735659,142.7367517772738,142.7229246189574,142.7097505855242,142.69718158849798,142.6851742521718,142.6736894917294,142.662692079025,142.652150211763,142.6420351016796,142.6323205950305,142.6229828346427,142.6139999677349,142.6053518993562,142.5970200874719,142.58898737387932,142.5812378440916,142.573756709879,142.56653020894657,142.5595455175367,142.5527906728878,142.54625450344588,142.53992656554772,142.5337970856801,142.5278569077146,142.5220974447445,142.516510635099,142.5110889022551,142.5058251182868,142.500712570536,142.4957449312285,142.49091622972009,142.4862208271691,142.4816533933173
LI_14,337.688117702911,333.159985770469,335.436594967137,335.57438402861203,335.789853650003,335.977096786792,336.121612324826,336.231409851016,336.316528790385,336.384641948021,324.67482759048096,324.721229600848,324.762134366969,324.799054187296,324.832943921435,324.864389567361,324.89375025437596,324.921256391937,324.947070926029,324.971323712432,324.99412871557,325.015591472942,325.035811670921,325.054883607952,325.072895956136,325.08993144337,325.106066671955,325.12137210813796,325.135912212911,325.149745674883,325.162925714988,325.175500443472,325.187513255654,325.199003254047,325.210005682739,325.220552358428,325.230672082418,325.24039102029303,325.249733040045,325.25872000435504,325.267372017304,325.275707629317,325.28374400640496,325.291497070273,325.298981615878,325.306211411766,325.313199287525,325.319957211374,325.326496359943,325.33282718165503,325.338959454475,325.344902338712,325.35066442519303,325.356253779261,325.36167798090196,325.366944161294,325.372059036171,325.37702893619803,325.381859834746,325.38655737324405,325.391126884387
LI_15,647.494426700905,632.947850169997,640.26146494976,640.704110713134,641.3963039081821,641.99781944823,642.462072977556,642.814795356981,643.088238163421,643.307050188334,588.03083097799,588.17687136966,588.30561043597,588.421807769966,588.528468543106,588.627436998922,588.719843333502,588.806412585119,588.887657411861,588.9639862597701,589.035757478616,589.103302802482,589.166935447609,589.2269515658099,589.2836294953449,589.337228767384,589.3879895480691,589.436132623229,589.481859831699,589.525354822101,589.566784036448,589.606297857557,589.644031876453,589.6801082396701,589.714637031686,589.747717642841,589.7794400736379,589.8098861337389,589.839130507155,589.86724167048,589.894282665655,589.920311739806,589.945382871407,589.969546204308,589.992848410183,590.0153329968321,590.037040575917,590.058009099913,590.078274074892,590.0978687534409,590.116824310476,590.135170003759,590.152933320535,590.170140111368,590.186814712239,590.2029800559469,590.21865777369,590.2338682878631,590.248630896823,590.2629638524679,590.276884431315
LI_16,666.668860910031,653.618485264821,660.179734075372,660.5768516250209,661.197851219322,661.737501288759,662.154007755549,662.4704543538489,662.715775279221,662.91208409704,612.429798673125,612.5606374839961,612.6759759716331,612.780078271103,612.875636725222,612.964303595331,613.047091422429,613.124649762436,613.197437896217,613.2658217374969,613.330122314874,613.390636807601,613.447645799994,613.501414583283,613.552192484423,613.600211976278,613.645688178339,613.6888188438691,613.729784749158,613.768750372707,613.805864777655,613.8412626409499,613.875065389877,613.907382410078,613.938312284839,613.967944021183,613.9963582187711,614.023628144327,614.0498206859829,614.0749971758221,614.099214082056,614.1225235819741,614.144974033012,614.1666103612581,614.1874743857829,614.2076050944811,614.22703888355,614.2458097694059,614.2639495789911,614.281488122261,614.298453349402,614.3148714943691,614.33076720598,614.3461636676079,614.361082706362,614.37554489267,614.389569631167,614.403175243658,614.41637904493,614.429197412156,614.4416458484679
LI_17,1019.308744357388,1027.244442044974,1023.254446485176,1023.012967422653,1022.6353535142,1022.307209381341,1022.05394702367,1021.86152860657,1021.712359551473,1021.592993086079,1038.05270701678,1037.970663696928,1037.898340186366,1037.833062546637,1037.7731424599701,1037.717543795893,1037.6656315473042,1037.616998289212,1037.571355867663,1037.5284746209031,1037.488152966821,1037.4502042021659,1037.414451946119,1037.3807293201999,1037.348879369891,1037.3187556282542,1037.290222439409,1037.263154981148,1037.237439038543,1037.2129705977109,1037.189655312722,1037.167407879906,1037.146151343122,1037.1258163517791,1037.1063403962899,1037.087667048619,1037.069745235568,1037.052528568428,1037.0359747453422,1037.0200450341558,1037.004703835358,1036.989918318453,1036.975658121316,1036.96189510076,1036.948603123004,1036.9357578844838,1036.9233367555,1036.911318641372,1036.899683857418,1036.8884140154428,1036.877491920167,1036.8669014746451,1036.856627593859,1036.846656125874,1036.836973779945,1036.827568060989,1036.818427209888,1036.80954014904,1036.800896432703,1036.792486201622,1036.784300141564
LI_18,457.480872214339,476.010175528696,466.69386595844696,466.130028850578,465.24832539353304,464.482129805969,463.890777885558,463.441492510895,463.09319161233395,462.81447788722,513.680762264722,513.491830181179,513.3252810872959,513.1749573965731,513.036971237784,512.908936626204,512.789391315844,512.677397173051,512.572290764658,512.473543405275,512.3806911326051,512.2933043173621,512.210977177303,512.133325891944,512.059989572751,511.990631555826,511.924940137386,511.86262861258,511.803434738133,511.747119779028,511.69346726257197,511.64228151974703,511.593386069112,511.546621894106,511.501845671101,511.45892801198204,511.417751785003,511.378210568067,511.340207271719,511.303652949446,511.268465793981,511.234570303836,511.20189659572395,511.170379835415,511.139959760769,511.110580274714,511.082189090812,511.05473741885,511.028179682138,511.002473260887,510.97757825825204,510.953457286645,510.93007527253997,510.90739927835,510.88539833996003,510.864043318623,510.843306765895,510.823162800506,510.80358699585497,510.78455627726,510.766048827857
LI_19,99.6025227827278,81.5082151224003,90.6063471480346,91.1569455135715,92.01793888181311,92.76612963978349,93.34358036524941,93.78230124517421,94.12241045651521,94.39456801870111,311.550099821196,311.77872647610604,311.980266928772,312.162172677893,312.329148598199,312.484082140034,312.62874298243605,312.764266652314,312.891456368062,313.010952426701,313.12331696991,313.22907078455603,313.328706010665,313.422688432217,313.511456301207,313.595418759108,313.674954920675,313.750413790332,313.822114867849,313.89034925251497,313.95538109986103,314.017449337343,314.076769574772,314.133536149895,314.187924241085,314.240091970319,314.290182419347,314.338325492986,314.38463958338104,314.42923301303904,314.47220525712,314.513647962929,314.55364579516197,314.592277139334,314.629614694377,314.665725980909,314.700673785655,314.734516556909,314.767308760995,314.79910120624197,314.82994133863303,314.85987351195,314.888939234496,314.917177394243,314.944624464047,314.971314688592,314.997280254682,315.02255144635,315.047156786302,315.07112316494704,315.094475958268
LI_20,541.430652366811,559.550711518245,550.439063506146,549.887684040369,549.025477662574,548.276241166418,547.697988652594,547.25866170158,546.918084482964,546.6455535737471,329.540868499816,329.31259694741595,329.111370120119,328.929747919177,328.763032673494,328.60834134751804,328.463906957615,328.328595696662,328.201605556498,328.082297202892,327.970109340796,327.864521970499,327.765043698918,327.671209451733,327.582581646964,327.49875177047,327.41934129025697,327.344001739542,327.272414111668,327.20428775734604,327.13935892996597,327.077389072379,327.018162909277,326.961486404692,326.90718465247903,326.855099776567,326.805088917857,326.757022373819,326.710781936775,326.666259453099,326.623355602829,326.581978881719,326.54204475732604,326.50347496665,326.46619692443903,326.430143215742,326.39525115212,326.361462376838,326.32872250892103,326.296980819698,326.26618993760303,326.236305578459,326.207286299114,326.179093272674,326.151690083581,326.125042540964,326.099118508628,326.073887750155,326.049321787723,326.025393773237,326.002078370654
LI_21,95.2463513550608,93.9064182756244,94.5799942176024,94.62076812603951,94.6845304357239,94.7399414112443,94.7827089517956,94.81520270389501,94.8403933523734,94.8605514157161,123.8831655517882,123.904791082365,123.923854297329,123.94106008200541,123.9568534802399,123.9715075942307,123.985189761924,123.9980072938069,124.01003601217849,124.0213362598799,124.0319609049603,124.04195881004071,124.05137602599561,124.06025600470329,124.068639489264,124.0765643718129,124.0840656195288,124.0911752842097,124.0979225807316,124.10433401480691,124.1104335448469,124.1162427674997,124.1217811196076,124.1270660900644,124.1321134344565,124.1369373851002,124.1415508491317,124.1459655887362,124.1501923795161,124.15424114541051,124.1581210707415,124.161840691527,124.1654079692859,124.16883035069509,124.17211481644671,124.1752679219874,124.178295832293,124.1812043522802,124.1839989538204,124.186684800088,124.1892667676925,124.19174946681889,124.1941372596377,124.1964342771475,124.1986444345291,124.20077144524669,124.2028188339179,124.20478994816759,124.2066879695183,124.20851592339551,124.2102766883999
LI_22,721.005908459854,730.494898885519,725.723341131365,725.434598659439,724.983085025247,724.590731046609,724.287916832531,724.057854105677,723.879503834034,723.736787472659,724.363481341438,724.26279350234,724.17403479212,724.093923455205,724.0203873857799,723.952154884416,723.8884465158189,723.8287621123629,723.7727478336401,723.720121560696,723.670635558054,723.624060260748,723.580178673262,723.538785358338,723.499686955154,723.462702877605,723.427665723631,723.394421320256,723.3628284668921,723.3327584602259,723.304094464201,723.276730765622,723.250571943031,723.225531974681,723.2015333152569,723.1785059750771,723.156386635746,723.135117831455,723.1146472164969,723.0949269289711,723.075913050732,723.0575651559191,723.039845935682,723.022720885073,723.0061580385179,722.990127742424,722.974602455909,722.959556573221,722.944966263502,722.93080932504,722.917065052199,722.90371411385,722.890738442288,722.878121131909,722.865846346873,722.853899237014,722.842265861284,722.830933118055,722.819888681619,722.809120944299,722.798618963627
LI_23,450.98356693831397,456.927556018193,453.938573058508,453.75770233392404,453.47487091514597,453.229098066436,453.039413793258,452.895301596944,452.78358240287,452.694184480482,453.08140776894504,453.018332216367,452.962729652083,452.91254422382997,452.86647786339597,452.823733915911,452.783824104436,452.746435098718,452.71134523497904,452.678377779335,452.647377537558,452.618200698466,452.59071132515203,452.564780721497,452.540287756756,452.51711930296506,452.49517049134704,452.474344740512,452.454553595628,452.43571643078,452.41776005429597,452.400618242402,452.384231218575,452.368545094724,452.353511292808,452.339085967997,452.32522945467304,452.311905753571,452.299082072897,452.286728429739,452.274817311739,452.263323394278,452.25222330538895,452.24149542960197,452.231119742234,452.221077666934,452.211351950868,452.201926553453,452.19278654597997,452.183918020321,452.175308005563,452.16694439184,452.158815860761,452.150911821932,452.1432223551,452.13573815749,452.128450495838,452.121351162734,452.114432436834,452.107687046608,452.101108137239
LI_24,63.6297891409195,59.4995288390074,61.5764501562608,61.7021306604004,61.898660151334,62.0694391580152,62.201244289413594,62.301383012118194,62.3790129694423,62.4411326437356,62.1588753468285,62.202693957697704,62.241321088785995,62.2761849390871,62.308187275669496,62.3378815340147,62.3656069195667,62.3915811023464,62.4159580717401,62.4388606043713,62.460396513312105,62.4806657038882,62.4997626112087,62.5177766402156,62.5347919402384,62.5508871010644,62.5661349748558,62.5806026565185,62.594351595455,62.607437802328405,62.6199121232304,62.6318205636812,62.6432046502844,62.6541018189779,62.6645458168159,62.6745671027081,62.6841932322776,62.6934492141591,62.7023578287516,62.7109399051604,62.7192145562103,62.7271993749041,62.7349105977635,62.7423632410875,62.7495712160462,62.7565474276867,62.763303861597606,62.7698516612434,62.7762011976658,62.78236213290501,62.7883434779418,62.7941536455818,62.7998004987902,62.805291394806304,62.810633225309005,62.8158324530365,62.8208951450748,62.8258270031878,62.830633391498,62.8353193616167,62.8398896756686
LI_25,555.176295449647,559.330302758041,557.241409210545,557.115006241761,556.917347475493,556.745587612791,556.613025757914,556.512312284188,556.434236865992,556.3717607957681,556.659023773376,556.6149557981739,556.576108869661,556.5410466544499,556.508862249626,556.478999067476,556.45111597013,556.42499404713,556.400478431325,556.3774456461681,556.3557872640131,556.335402810166,556.3161973114529,556.298080853618,556.2809688080799,556.2647821375169,556.2494475749879,556.234897643619,556.221070544231,556.2079099473799,556.1953647175981,556.1833885875781,556.17193979441,556.1609806891549,556.150477332746,556.1403990929821,556.1307182574669,556.121409675295,556.1124504364559,556.1038195933561,556.0954979244441,556.087467736622,556.079712701008,556.0722177158759,556.064968790911,556.057952947659,556.051158132329,556.0445731380739,556.038187534848,556.03199160563,556.025976288179,556.020133121827,556.0144541988641,556.008932120194,556.003559954919,555.998331203536,555.993239764438,555.988279903398,555.983446225791,555.978733651244,555.974137390532
LI_26,38.9059618351306,43.521643632469804,41.2007426468998,41.0602905678278,40.840660694672195,40.6498063471359,40.5025062304141,40.3905945887379,40.3038376063216,40.2344142305235,212.619381966635,212.597735591224,212.57865400584,212.56143164436799,212.545623033179,212.530954806284,212.517259464027,212.504429592126,212.492389294902,212.481078171083,212.470443301425,212.460435776012,212.451009499413,212.44212097770702,212.433729428386,212.425796922666,212.418288459548,212.411171956222,212.404418169567,212.39800056821,212.391895170564,212.386080359086,212.38053667810698,212.37524662181602,212.37019441937503,212.365365824696,212.36074791815201,212.35632892618798,212.352098062785,212.34804539441302,212.344161727889,212.340438518958,212.336867798434,212.333442112462,212.33015447363601,212.326998320218,212.323967481302,212.321056146406,212.318258838418,212.31557038921198,212.312985917518,212.31050080874502,212.30811069655,212.30581144599898,212.303599138175,212.301470056082,212.299420671739,212.297447634334,212.295547759327,212.293718018415,212.291955530262
LI_27,602.151976791522,606.7874420154451,604.456553294114,604.315499396205,604.094929032236,603.903258004234,603.7553279533,603.642937935479,603.555810232221,603.486090285197,776.76325323264,776.7414617347349,776.722252231139,776.704914422721,776.6889998476411,776.674233306088,776.660446174575,776.647530317971,776.635409331124,776.6240224072369,776.613316271766,776.603241686405,776.593752246244,776.584804165341,776.576356387361,776.568370728834,776.560811953698,776.5536477636599,776.546848719145,776.540388110531,776.534241795075,776.528388009941,776.5228071687,776.517481647868,776.512395570591,776.5075345950349,776.502885714747,776.498437077063,776.494177823516,776.4900979538791,776.4861882132691,776.482440000108,776.478845291779,776.4753965844809,776.472086844005,776.468909464689,776.4658582343479,776.46292730365,776.460111158882,776.457404597406,776.454802705369,776.452300837396,776.449894598027,776.44757982478,776.445352572624,776.4432090998221,776.441145854913,776.439159464793,776.437246723749,776.43540458335,776.433630143111
LI_28,1001.302604184781,1007.28017288488,1004.274261031404,1004.0923686984461,1003.807940408807,1003.560780556375,1003.370026214755,1003.225101270968,1003.11275215514,1003.02285025577,1003.4183129586149,1003.3548856186139,1003.298972977796,1003.248507708478,1003.202184497155,1003.159202242025,1003.119069940017,1003.0814725109869,1003.046187052857,1003.0130358443621,1002.981862824294,1002.952523378253,1002.924880810265,1002.898805705742,1002.874176257833,1002.850878707252,1002.828807600079,1002.807865816092,1002.787964407036,1002.769022297285,1002.750965886961,1002.733728582976,1002.717250275473,1002.7014767758731,1002.686359235274,1002.671853564382,1002.657919876429,1002.644521971436,1002.631626874791,1002.619204436411,1002.607226990561,1002.595669071422,1002.584507176726,1002.5737195704801,1002.56328611636,1002.553188134447,1002.543408275696,1002.533930410092,1002.524739525683,1002.5158216367829,1002.507163700148,1002.4987535383871,1002.490579769983,1002.4826317454781,1002.474899489298,1002.467373646781,1002.460045435955,1002.4529066036259,1002.445949385386,1002.439166469145,1002.432550961842
LI_29,121.62480497992331,121.10375216531921,121.3657661224864,121.3816213393908,121.406414505785,121.4279591210099,121.4445869892112,121.4572199835197,121.46701338591461,121.47485008951949,121.44716820572481,121.4527023762364,121.45758087818271,121.4619840888648,121.4660258988002,121.46977620524859,121.4732778488348,121.47655832061909,121.4796370689825,121.4825296002375,121.4852495308676,121.48780947863409,121.4902213704531,121.4924964979548,121.4946454890198,121.4966782693849,121.49860404015641,121.5004312753194,121.50216773585771,121.503820495862,121.5053959771502,121.50689999018749,121.5083377797643,121.5097140740224,121.5110331352015,121.51229881025009,121.5135145794265,121.5146836013063,121.51580875303361,121.5168926652976,121.5179377520212,121.5189462351625,121.5199201653592,121.5208614391251,121.5217718133932,121.52265291802,121.5235062667353,121.5243332668995,121.5251352283162,121.525913371245,121.5266688337075,121.5274026781801,121.52811589769621,121.52880942140621,121.52948411967029,121.5301408086691,121.530780254613,121.5314031775723,121.5320102549761,121.53260212478571,121.53317938839561
LI_30,412.886284365641,410.71202317142,411.805302149774,411.87146335496004,411.974922027685,412.064825791197,412.13421296492,412.186930077391,412.227797851197,412.260500462811,587.155662747508,587.20650438024,587.2513228050279,587.29177504996,587.328907388776,587.363361974928,587.395532437354,587.4256714404551,587.453957824647,587.480534293072,587.505526280102,587.5290501509801,587.551216039446,587.572128362707,587.591885558162,587.610579722734,587.628296391861,587.645114497012,587.661106471434,587.6763384637,587.690870628701,587.704757477268,587.718048271847,587.730787456233,587.743015105035,587.7547673760989,587.766076948713,587.7769734325179,587.7874837362949,587.7976323910359,587.807441826671,587.816932605797,587.826123620117,587.835032256286,587.843674537615,587.852065247166,587.860218036546,587.8681455234921,587.875859380325,587.883370414654,587.890688643144,587.897823359016,587.904783193679,587.911576172941,587.9182097681851,587.9246909428921,587.931026194928,587.937221594929,587.943282821185,587.9492151913221,587.955023691111
LI_31,185.8311483486128,189.2587638723845,187.53517693464698,187.4308773222565,187.26778153267162,187.12605545186432,187.0166729534559,186.9335697545477,186.8691461271327,186.8175941766449,187.1360444668816,187.0996999502336,187.06766140365778,187.0387442358826,187.0122004940986,186.98757114228772,186.9645748333671,186.943031025455,186.9228119953588,186.90381590871,186.88595334237039,186.869141432165,186.8533018511106,186.8383604444166,186.82424741651948,186.8108975831289,186.7982505189683,186.78625057401803,186.7748467808404,186.7639926830641,186.7536461079558,186.7437688977016,186.7343266093911,186.7252881930114,186.7166256581736,186.7083137417265,186.700329588537,186.6926524559678,186.6852634494786,186.6781452929455,186.6712821337286,186.6646593797059,186.65826356382712,186.6520822310853,186.6461038430487,186.6403176957792,186.6347138479068,186.6292830565422,186.62401671943059,186.6189068223546,186.6139458911059,186.6091269475991,186.6044434697851,186.5998893550798,186.5954588870325,186.5911467049784,186.5869477764053,186.5828573717998,186.5788710417244,186.574984595926,186.57119408426718
LI_32,285.315683087318,288.741640313429,287.018906946975,286.914657708471,286.751640397356,286.60998222271803,286.500651949351,286.417588321115,286.353195306141,286.301667811728,286.441411480001,286.405045564199,286.372988137235,286.34405391518,286.31749450770303,286.2928506104,286.269840711921,286.24828416516505,286.228053172567,286.20904584038897,286.191172693192,286.17435081811004,286.158501841899,286.14355156573197,286.129430152363,286.116072378342,286.103417781875,286.09141067910605,286.080000071429,286.06913947390103,286.058786687723,286.048903531392,286.039455540541,286.030411645772,286.02174383920203,286.013426841899,286.005437784485,285.997755911445,285.990362316575,285.983239713162,285.976372238933,285.969745292993,285.96334540028397,285.957160098484,285.951177842476,285.94538792220703,285.939780390715,285.934345999987,285.929076143082,285.923962801485,285.91899849705,285.91417624807696,285.9094895292,285.904932234783,285.90049864556704,285.896183398304,285.89198145809803,285.88788809323,285.88389885222796,285.88000954295603,285.876216213525
LI_33,599.3158594139891,602.76960011066,601.032835326777,600.9277409262791,600.763402912214,600.620597968908,600.510383198022,600.426647902985,600.361734390952,600.309790516407,600.6329764241959,600.596355147252,600.564072660494,600.534935343151,600.508189541468,600.4833727203049,600.460201387406,600.43849362382,600.418120731834,600.398980099995,600.380981622859,600.364041804138,600.348081719504,600.333026648791,600.318806264415,600.305354885312,600.292611625775,600.28052041181,600.269029887728,600.258093243307,600.2476679846279,600.237715663289,600.2282015741009,600.2190944306269,600.2103660293569,600.201990914798,600.193946057813,600.18621055785,600.178765376529,600.171593106211,600.16467777358,600.158004675438,600.1515602422239,600.1453319241291,600.139308094894,600.133477969105,600.1278315297329,600.1223594635319,600.1170531027781,600.1119043722549,600.1069057408699,600.102050177428,600.097331110241,600.092742390276,600.0882782575791,600.0839333106851,600.079702478783,600.0755809963609,600.0715643801191,600.0676484079149,600.063829099546
TRF_0,440.34483049486096,442.45240375946,441.392566667734,441.3284350567,441.22815148394,441.14100816781,441.073752345978,441.022655033972,440.98304327206,440.951345915598,441.095495919704,441.073136288978,441.053425775728,441.035635595614,441.0193055933,441.00415336047,440.990005806172,440.976751856566,440.964312932866,440.952626383666,440.941637193326,440.93129438156,440.92154975958,440.912357705518,440.903675279472,440.895462378534,440.887681827678,440.880299389722,440.873283708324,440.866606202444,440.860240926428,440.854164404694,440.84835544715,440.842794951098,440.837465696196,440.832352139978,440.827440221464,440.822717179344,440.818171389326,440.813792222824,440.809569927038,440.805495524688,440.801560730684,440.797757882588,440.794079881874,440.790520143436,440.787072551326,440.783731419328,440.780491455372,440.77734772916,440.774295642636,440.771330902966,440.768449497882,440.765647673188,440.762921912238,440.760268917278,440.757685592436,440.75516902825,440.752716487562,440.75032539267,440.74799331359
TRF_1,18.40000000000018,18.400000000000233,18.399999999999558,18.40000000000007,18.40000000000009,18.40000000000005,18.39999999999965,18.4000000000004,18.40000000000059,18.39999999999956,18.399999999999523,18.40000000000051,18.39999999999974,18.39999999999925,18.39999999999987,18.3999999999996,18.399999999999608,18.39999999999993,18.39999999999981,18.39999999999996,18.39999999999968,18.40000000000012,18.3999999999995,18.40000000000029,18.39999999999968,18.400000000000297,18.39999999999997,18.400000000000198,18.40000000000014,18.40000000000023,18.4,18.39999999999978,18.400000000000198,18.40000000000008,18.40000000000024,18.40000000000031,18.39999999999996,18.40000000000008,18.4000000000004,18.39999999999955,18.400000000000638,18.399999999999842,18.40000000000007,18.3999999999997,18.40000000000022,18.40000000000005,18.40000000000003,18.39999999999997,18.3999999999999,18.3999999999998,18.39999999999913,18.39999999999977,18.39999999999999,18.39999999999994,18.40000000000021,18.399999999999793,18.400000000000063,18.40000000000027,18.400000000000063,18.39999999999927,18.399999999999928
TRF_2,1144.89655928664,1150.376249774598,1147.620673336108,1147.453931147421,1147.193193858244,1146.966621236307,1146.791756099542,1146.658903088328,1146.555912507354,1146.473499380556,1146.84828939123,1146.790154351342,1146.738907016894,1146.692652548596,1146.65019454258,1146.610798737224,1146.574015096046,1146.539554827074,1146.507213625452,1146.47682859753,1146.448256702648,1146.421365392056,1146.396029374906,1146.372130034346,1146.349555726626,1146.32820218419,1146.30797275196,1146.288778413278,1146.270537641642,1146.253176126354,1146.236626408716,1146.220827452208,1146.2057241625912,1146.191266872853,1146.177410810108,1146.164115563944,1146.151344575804,1146.139064666293,1146.127245612246,1146.115859779344,1146.1048818103,1146.094288364192,1146.084057899778,1146.074170494726,1146.064607692872,1146.055352372932,1146.046388633447,1146.037701690254,1146.029277783964,1146.021104095818,1146.013168670854,1146.00546034771,1145.997968694496,1145.990683950288,1145.98359697182,1145.976699184922,1145.969982540334,1145.963439473448,1145.957062867662,1145.950846020942,1145.944782615333
TRF_3,2.22473858390311,0.6797127820665709,1.456490714073163,1.503505240716277,1.577025100462257,1.640914087662462,1.690224184088831,1.72768823980996,1.7567317530033622,1.779972737240213,3.1873215072981,3.17167120611287,3.15787497605041,3.1454227614716697,3.1339925160135,3.12338660159803,3.11348389868762,3.10420670392094,3.09550007063665,3.08732021642352,3.07962872316008,3.07239002013333,3.0655705158125803,3.05913844188016,3.05306393359267,3.0473191366140497,3.04187826746304,3.0367176160549,3.03181550036205,3.0271521865178803,3.02270978465841,3.0184721271613704,3.0144246339307896,3.010554168959,3.00684889295289,3.0032981173116,2.99989216473943,2.99662224095791,2.99348032060775,2.9904590487644898,2.98755165794113,2.98475189925477,2.98205398572237,2.97945254539346,2.97694258213374,2.97451944220742,2.9721787852098798,2.9699165583118603,2.96772897310837,2.96561248462131,2.96356377215357,2.9615797218088202,2.95965741052184,2.95779409148372,2.95598718084972,2.95423424561498,2.95253299255873,2.95088125815665,2.94927699936561,2.9477182851987402,2.94620328900792
TRF_4,17.29109760401832,15.745859618015452,16.522739207717763,16.56976021310536,16.6432902786525,16.70718820856628,16.75650525400505,16.79397461667834,16.82302226025996,16.846266559903817,11.87855276718227,11.8942039819635,11.9080010208228,11.92045396816869,11.93188488856151,11.94249143121068,11.952394722416479,11.96167246982146,11.97037962307828,11.978559966968529,11.986251921703609,11.993491059942809,12.00031097507869,12.00674343719852,12.01281831272545,12.01856345757312,12.02400465668763,12.029165621507989,12.03406803530811,12.038731633088211,12.043174305746241,12.04741222183906,12.05145996230879,12.05533066392467,12.05903616666916,12.06258715976606,12.06599332107694,12.06926344539295,12.072405558543931,12.07542701588563,12.07833458530392,12.081134516049651,12.08383259544653,12.086434195764081,12.08894431343168,12.091367602463059,12.093708403520122,12.09597076967591,12.09815848955985,12.10027510836398,12.10232394698394,12.10430811950353,12.10623054916475,12.10809398294047,12.109901004833699,12.111654047995689,12.11335540578688,12.11500724186315,12.11661159939116,12.118170409476171,12.11968549887723
TRF_5,365.426159533808,361.174344809288,363.312420554876,363.441799725328,363.644112457535,363.819916506455,363.95559962153095,364.05868447155603,364.138598240475,364.202545364867,363.91788925052003,363.963002405618,364.002770686765,364.03866449274,364.07161223542596,364.102183703065,364.13072812422297,364.157469601171,364.182566673964,364.206145747589,364.228317821234,364.249185752547,364.26884676720397,364.287392912006,364.304910822739,364.321481411348,364.337179682553,364.3520747137,364.366229769784,364.37970251635,364.39254530178,364.404805490835,364.41652583703797,364.427744882372,364.438497370944,364.448814661553,364.458725123941,364.46825450558697,364.477426259922,364.4862618314,364.49478089749,364.503001570937,364.51094056791703,364.518613348325,364.526034234287,364.533216512053,364.540172521277,364.546913734575,364.553450829334,364.559793753004,364.565951782712,364.57193357975,364.57774723933096,364.583400335989,364.588899964957,364.59425277983496,364.599465026899,364.604542576315,364.60949095061,364.61431535059,364.619020679024
TRF_6,1110.9345631689812,1116.2404377445,1113.572286191378,1113.4108329888381,1113.15836590126,1112.9389795644702,1112.769660520386,1112.641021030871,1112.541296806766,1112.461497384295,1112.821113414068,1112.764820002949,1112.715196091904,1112.6704068711729,1112.629293839482,1112.591145997073,1112.555527565132,1112.522158901164,1112.490842173217,1112.4614196485682,1112.433752818457,1112.407713333545,1112.383179872385,1112.360037576011,1112.338178337589,1112.317501192752,1112.297912548406,1112.2793262078649,1112.261663227295,1112.24485165005,1112.2288261544131,1112.2135276373829,1112.1989027499899,1112.184903398563,1112.171486228516,1112.158612109543,1112.146245641166,1112.134354695033,1112.12291000537,1112.111884813243,1112.101254564622,1112.090996657962,1112.081090234407,1112.0715160027048,1112.062256091347,1112.053293921414,1112.04461409517,1112.036202296788,1112.02804520275,1112.02013040037,1112.0124463134039,1112.004982134064,1111.997727760927,1111.990673742285,1111.983811224518,1111.9771319050801,1111.9706279897032,1111.9642921534219,1111.958117505083,1111.95209755497,1111.946226185275
TRF_7,892.7970202015199,897.061502722419,894.917033655569,894.787269117074,894.584354121336,894.408027063155,894.271940513438,894.168549281269,894.0883980727419,894.024260995946,894.313030150973,894.267785224788,894.227900801929,894.1919021835961,894.158858243035,894.128197525642,894.099569781217,894.072750251617,894.0475799326091,894.0239320490659,894.001695276808,893.980766457124,893.961048079861,893.942447828969,893.924878815321,893.908259890431,893.89251583035,893.877577355874,893.863381017164,893.8498689802179,893.836988743747,893.824692804664,893.812938284588,893.801686528996,893.790902692338,893.780555324248,893.770615972164,893.761058813434,893.751860326161,893.742999003279,893.73445510988,893.7262104803331,893.718248349663,893.710553212842,893.703110705928,893.695907503882,893.688931231017,893.682170381222,893.6756142459301,893.669252848646,893.6630768851501,893.657077668857,893.65124708091,893.6455775246529,893.6400618841301,893.634693486305,893.629466066662,893.624373737877,893.619410961297,893.614572520919,893.609853499655
TRF_8,1144.896559286638,1150.376249774598,1147.620673336108,1147.453931147422,1147.193193858244,1146.966621236308,1146.791756099542,1146.658903088328,1146.555912507356,1146.473499380556,1146.84828939123,1146.790154351342,1146.738907016894,1146.692652548596,1146.65019454258,1146.610798737224,1146.574015096046,1146.539554827074,1146.507213625452,1146.476828597528,1146.44825670265,1146.421365392056,1146.396029374906,1146.372130034346,1146.349555726626,1146.328202184192,1146.307972751962,1146.288778413277,1146.270537641642,1146.253176126352,1146.236626408716,1146.220827452208,1146.205724162592,1146.191266872853,1146.177410810108,1146.164115563944,1146.151344575804,1146.139064666292,1146.127245612246,1146.115859779344,1146.1048818103,1146.094288364192,1146.084057899779,1146.074170494726,1146.064607692872,1146.055352372932,1146.046388633446,1146.037701690254,1146.029277783964,1146.021104095818,1146.013168670854,1146.00546034771,1145.997968694496,1145.990683950288,1145.98359697182,1145.976699184922,1145.969982540334,1145.963439473448,1145.957062867662,1145.950846020944,1145.944782615332
TRF_9,985.262094054077,989.9721294046531,987.6035984699,987.460276176451,987.2361608080009,987.041411376536,986.8911067922741,986.776913506088,986.6883883278799,986.617550408277,986.938562899423,986.8885924260769,986.8445423329019,986.804783896326,986.768288738218,986.734425718423,986.702808004776,986.6731873641149,986.645388184838,986.619270450637,986.594711209962,986.571596529612,986.549818714944,986.529275807958,986.509871844412,986.491517200308,986.474128794992,986.457630113462,986.441951078938,986.4270278170211,986.412802343013,986.399222192442,986.386240008572,986.37381309968,986.3619029808381,986.350474916914,986.339497483674,986.328942161467,986.318782971706,986.3089961610581,986.299559933442,986.290454225953,986.28166052263,986.273161699047,986.264941891047,986.256986381874,986.249281503288,986.241814547431,986.234573687298,986.2275479044099,986.2207269227761,986.214101148551,986.20766161491,986.201399931767,986.195308239948,986.189379169454,986.183605801471,986.177981633779,986.1725005492401,986.1671567870651,986.1619449166001
TRF_10,949.8559203418749,954.395860472142,952.112865251186,951.974718807655,951.758696997305,951.570980619988,951.426104036702,951.316034651274,951.2307064124429,951.16242668613,951.464540397451,951.416374508387,951.373915196281,951.3355925558069,951.300415346745,951.267775221364,951.23729931721,951.208748365598,951.181953096813,951.156778550975,951.1331062166889,951.1108262752359,951.089834921142,951.070033878408,951.0513306483331,951.0336388434921,951.0168783834961,951.000975516503,950.985862696383,950.971478355403,950.95776660283,950.944676868809,950.932163506767,950.920185366679,950.908705353394,950.8976899861459,950.887108975501,950.876934831726,950.8671425143759,950.857709127917,950.848613663381,950.8398367823879,950.831360637643,950.823168723135,950.815245747611,950.8075775257901,950.800150883037,950.7929535704241,950.7859741880641,950.779202115399,950.772627447551,950.766240937148,950.760033941197,950.753998372624,950.7481266560831,950.742411687746,950.7368467986751,950.7314257214771,950.726142559942,950.720991761336,950.715968091136
TRF_11,1457.890933254112,1464.84900539284,1461.350019323057,1461.1382911611709,1460.807208246983,1460.519507084611,1460.297463678035,1460.128767047791,1459.997989621729,1459.8933413926688,1460.366916865252,1460.293097830935,1460.228024686795,1460.1692913987522,1460.115378793732,1460.065354519139,1460.018647126831,1459.974889914314,1459.933823459408,1459.895240923109,1459.858960675283,1459.824814408116,1459.792643029641,1459.762295922317,1459.733631322844,1459.7065168340291,1459.680829724818,1459.65645696327,1459.633295028289,1459.611249561267,1459.590234904147,1459.570173553644,1459.55099555188,1459.532637832383,1459.515043543167,1459.498161371651,1459.481944896281,1459.4663519863138,1459.4513442647808,1459.436886642,1459.4229469196239,1459.409495459659,1459.39650490933,1459.3839499715132,1459.371807210823,1459.360054886873,1459.348672808204,1459.337642202077,1459.326945597004,1459.316566715888,1459.30649037848,1459.2967024122281,1459.287189570854,1459.27793946007,1459.268940469869,1459.260181712892,1459.251652968289,1459.2433446306259,1459.235247663331,1459.227353556253,1459.2196542869328
